{
    "data": [{
            "id": 1,
            "name": "Tiger Nixon",
            "user":"(250+ Online)",
            "user":"(250+ Online)",
            "image": "user1.jpg",
            "position": "Designer",
            "office": "Edinburgh",
            "age": 61,
            "startdate": "2011/04/25",
            "salary": "$320,800",
            "experience": "1 Year",
            "skillLevel": "50%",
            "type":"primary"
        },
        {
            "id": 2,
            "name": "Garrett Winters",
            "user":"(99+ Online)",
            "position": "Developer",
            "image": "user2.jpg",
            "office": "Tokyo",
            "age": 63,
            "startdate": "2011/07/25",
            "salary": "$170,750",
            "experience": "2 Year",
            "skillLevel": "80%",
            "type":"secondary"

        },
        {
            "id": 3,
            "image": "user3.jpg",
            "name": "Ashton Cox",
            "user":"(150+ Online)",
            "position": "Tester",
            "office": "San Francisco",
            "age": 66,
            "startdate": "2009/01/12",
            "salary": "$86,000",
            "experience": "3 year",
            "skillLevel": "60%",
            "type":"success"


        },
        {
            "id": 4,
            "image": "user4.jpg",
            "name": "Cedric Kelly",
            "user":"(14+ Online)",
            "position": "Developer",
            "office": "Edinburgh",
            "age": 22,
            "startdate": "2012/03/29",
            "salary": "$433,060",
            "experience": "4 Year",
            "skillLevel": "70%",
            "type":"primary"
        },
        {
            "id": 5,
            "image": "user5.jpg",
            "name": "Airi Satou",
            "user":"(14+ Online)",
            "position": "Designer",
            "office": "Tokyo",
            "age": 33,
            "startdate": "2008/11/28",
            "salary": "$162,700",
            "experience": "5 year",
            "skillLevel": "30%",
            "type":"success"

        },
        {
            "id": 6,
            "image": "user6.jpg",
            "name": "Brielle Williamson",
            "user":"(14+ Online)",
            "position": "Tester",
            "office": "New York",
            "age": 61,
            "startdate": "2012/12/02",
            "salary": "$372,000",
            "experience": "6 Year",
            "skillLevel": "50%",
            "type":"secondary"
        },
        {
            "id": 7,
            "image": "user1.jpg",
            "name": "Herrod Chandler",
            "user":"(14+ Online)",
            "position": "Sales Assistant",
            "office": "San Francisco",
            "age": 59,
            "startdate": "2012/08/06",
            "salary": "$137,500",
            "experience": "7 year",
            "skillLevel": "20%",
            "type":"primary"

        },
        {
            "id": 8,
            "image": "user2.jpg",
            "name": "Rhona Davidson",
            "user":"(14+ Online)",
            "position": "Integration Specialist",
            "office": "Tokyo",
            "age": 55,
            "startdate": "2010/10/14",
            "salary": "$327,900",
            "experience": "8 Year",
            "skillLevel": "80%",
            "type":"primary"

        },
        {
            "id": 9,
            "image": "user3.jpg",
            "name": "Colleen Hurst",
            "user":"(250+ Online)",
            "position": "Javascript Developer",
            "office": "San Francisco",
            "age": 39,
            "startdate": "2009/09/15",
            "salary": "$205,500",
            "experience": "9 year",
            "skillLevel": "30%",
            "type":"secondary"

        },
        {
            "id": 10,
            "image": "user4.jpg",
            "name": "Sonya Frost",
            "user":"(250+ Online)",
            "position": "Software Engineer",
            "office": "Edinburgh",
            "age": 23,
            "startdate": "2008/12/13",
            "salary": "$103,600",
            "experience": "10 Year",
            "skillLevel": "90%",
            "type":"success"

        }
    ]
}