{
    "data": [{
            "orderId": "#51240",
            "Product": "Headphones",
            "images": "3d-design.jpg",
            "paymentStatus": "COD",
            "paymentMethod": "Bank Transfer",
            "orderStatus": "Delivered",
            "date": "Jan 22,20",
            "total": "$120",
            "description": "It is a long established fact that a reader will be distracted by the readable content of a page when looking at its layout. The point of using Lorem Ipsum is that it has a more-or-less normal distribution of letters,It is a long established fact that a reader will be distracted by the readable content of a page when looking at its layout.",
            "details": "Simply dummy text of the printing",
            "salePrice": 350.50,
            "price": "$6523",
            "sale": true,
            "catery": "mens",
            "colors": ["white", "black", "green"],
            "size": ["M", "L", "XL"],
            "brand": "zara",
            "tags": ["mens", "mens tshirt", "white", "black", "green", "zara"],
            "stock": 1,
            "status": "On Way",
            "returnStatus": "Pending"
        },
        {
            "orderId": "#51241",
            "Product": "Headphones",
            "images": "3d-design",
            "paymentStatus": "COD",
            "paymentMethod": "Ewallets",
            "orderStatus": "Delivered",
            "date": "Jan 22,20",
            "total": "$90",
            "description": "It is a long established fact that a reader will be distracted by the readable content of a page when looking at its layout. The point of using Lorem Ipsum is that it has a more-or-less normal distribution of letters,It is a long established fact that a reader will be distracted by the readable content of a page when looking at its layout.",
            "details": "Long established ",
            "salePrice": 350.50,
            "price": "$6523",
            "sale": true,
            "catery": "mens",
            "colors": ["white", "black", "green"],
            "size": ["M", "L", "XL"],
            "brand": "zara",
            "tags": ["mens", "mens tshirt", "white", "black", "green", "zara"],
            "stock": 5,
            "status": "Delivered",
            "returnStatus": "Cancel"
        },
        {
            "orderId": "#51242",
            "Product": "Headphones",
            "images": "css.jpg",
            "paymentStatus": "COD",
            "paymentMethod": "Cash",
            "orderStatus": "Delivered",
            "date": "Jan 22,20",
            "total": "$240",
            "description": "It is a long established fact that a reader will be distracted by the readable content of a page when looking at its layout. The point of using Lorem Ipsum is that it has a more-or-less normal distribution of letters,It is a long established fact that a reader will be distracted by the readable content of a page when looking at its layout.",
            "details": "sometimes by accident ",
            "salePrice": 350.50,
            "price": "$6523",
            "sale": true,
            "catery": "mens",
            "colors": ["white", "black", "green"],
            "size": ["M", "L", "XL"],
            "brand": "zara",
            "tags": ["mens", "mens tshirt", "white", "black", "green", "zara"],
            "stock": 10,
            "status": "Delivered",
            "returnStatus": "Cancel"
        },
        {
            "orderId": "#51243",
            "Product": "Headphones",
            "images": "ebooks.png",
            "paymentStatus": "COD",
            "paymentMethod": "Direct Deposit",
            "orderStatus": "Delivered",
            "date": "Jan 22,20",
            "total": "$120",
            "description": "It is a long established fact that a reader will be distracted by the readable content of a page when looking at its layout. The point of using Lorem Ipsum is that it has a more-or-less normal distribution of letters,It is a long established fact that a reader will be distracted by the readable content of a page when looking at its layout.",
            "details": "Classical Latin literature ",
            "salePrice": 350.50,
            "price": "$6523",
            "sale": true,
            "catery": "mens",
            "colors": ["white", "black", "green"],
            "size": ["M", "L", "XL"],
            "brand": "zara",
            "tags": ["mens", "mens tshirt", "white", "black", "green", "zara"],
            "stock": 9,
            "status": "$6523",
            "returnStatus": "Return"

        }, {
            "orderId": "#51244",
            "Product": "Headphones",
            "images": "graphic-design.png",
            "paymentStatus": "COD",
            "paymentMethod": "Bank Transfer",
            "orderStatus": "Delivered",
            "date": "Jan 22,20",
            "total": "$50",
            "description": "It is a long established fact that a reader will be distracted by the readable content of a page when looking at its layout. The point of using Lorem Ipsum is that it has a more-or-less normal distribution of letters,It is a long established fact that a reader will be distracted by the readable content of a page when looking at its layout.",
            "details": "keep the site on the Internet",
            "salePrice": 350.50,
            "price": "$6523",
            "sale": true,
            "catery": "mens",
            "colors": ["white", "black", "green"],
            "size": ["M", "L", "XL"],
            "brand": "zara",
            "tags": ["mens", "mens tshirt", "white", "black", "green", "zara"],
            "stock": 8,
            "status": "Delivered",
            "returnStatus": "Pending"
        },
        {
            "orderId": "#51245",
            "Product": "T-shirt",
            "images": "html.png",
            "paymentStatus": "Paid",
            "paymentMethod": "Mastercard",
            "orderStatus": "Delivered",
            "date": "Jan 22,20",
            "total": "$900",
            "description": "It is a long established fact that a reader will be distracted by the readable content of a page when looking at its layout. The point of using Lorem Ipsum is that it has a more-or-less normal distribution of letters,It is a long established fact that a reader will be distracted by the readable content of a page when looking at its layout.",
            "details": "Molestiae consequatur",
            "salePrice": 350.50,
            "price": "$6523",
            "sale": true,
            "catery": "mens",
            "colors": ["white", "black", "green"],
            "size": ["M", "L", "XL"],
            "brand": "zara",
            "tags": ["mens", "mens tshirt", "white", "black", "green", "zara"],
            "stock": 3,
            "status": true,
            "returnStatus": "Cancel"

        },
        {
            "orderId": "#51246",
            "Product": "T-shirt",
            "images": "lecture-video-recorder.jpg",
            "paymentStatus": "Paid",
            "paymentMethod": "Mastercard",
            "orderStatus": "Delivered",
            "date": "Jan 22,20",
            "total": "$1000",
            "description": "It is a long established fact that a reader will be distracted by the readable content of a page when looking at its layout. The point of using Lorem Ipsum is that it has a more-or-less normal distribution of letters,It is a long established fact that a reader will be distracted by the readable content of a page when looking at its layout.",
            "details": "Pain can procure ",
            "salePrice": 350.50,
            "price": "$6523",
            "sale": true,
            "catery": "mens",
            "colors": ["white", "black", "green"],
            "size": ["M", "L", "XL"],
            "brand": "zara",
            "tags": ["mens", "mens tshirt", "white", "black", "green", "zara"],
            "stock": 10,
            "status": true,
            "returnStatus": "Return"
        },
        {
            "orderId": "#51247",
            "Product": "T-shirt",
            "images": "logo.jpg",
            "paymentStatus": "Paid",
            "paymentMethod": "Mastercard",
            "orderStatus": "Delivered",
            "date": "Jan 22,20",
            "total": "$1100",
            "description": "It is a long established fact that a reader will be distracted by the readable content of a page when looking at its layout. The point of using Lorem Ipsum is that it has a more-or-less normal distribution of letters,It is a long established fact that a reader will be distracted by the readable content of a page when looking at its layout.",
            "details": "Molestiae consequatur ",
            "salePrice": 350.50,
            "price": "$6523",
            "sale": true,
            "catery": "mens",
            "colors": ["white", "black", "green"],
            "size": ["M", "L", "XL"],
            "brand": "zara",
            "tags": ["mens", "mens tshirt", "white", "black", "green", "zara"],
            "stock": 10,
            "status": true,
            "returnStatus": "Pending"
        },
        {
            "orderId": "#51248",
            "Product": "T-shirt",
            "images": "main.jpg",
            "paymentStatus": "Paid",
            "paymentMethod": "Mastercard",
            "orderStatus": "Delivered",
            "date": "Jan 22,20",
            "total": "$1200",
            "description": "It is a long established fact that a reader will be distracted by the readable content of a page when looking at its layout. The point of using Lorem Ipsum is that it has a more-or-less normal distribution of letters,It is a long established fact that a reader will be distracted by the readable content of a page when looking at its layout.",
            "details": "keep the site on the Internet",
            "salePrice": 350.50,
            "price": "$6523",
            "sale": true,
            "catery": "mens",
            "colors": ["white", "black", "green"],
            "size": ["M", "L", "XL"],
            "brand": "zara",
            "tags": ["mens", "mens tshirt", "white", "black", "green", "zara"],
            "stock": 8,
            "status": true,
            "returnStatus": "Cancel"
        },
        {
            "orderId": "#51248",
            "Product": "T-shirt",
            "images": "main.jpg",
            "paymentStatus": "Paid",
            "paymentMethod": "Mastercard",
            "orderStatus": "Delivered",
            "date": "Jan 22,20",
            "total": "$500",
            "description": "It is a long established fact that a reader will be distracted by the readable content of a page when looking at its layout. The point of using Lorem Ipsum is that it has a more-or-less normal distribution of letters,It is a long established fact that a reader will be distracted by the readable content of a page when looking at its layout.",
            "details": "Classical Latin literature ",
            "salePrice": 350.50,
            "price": "$6523",
            "sale": true,
            "catery": "mens",
            "colors": ["white", "black", "green"],
            "size": ["M", "L", "XL"],
            "brand": "zara",
            "tags": ["mens", "mens tshirt", "white", "black", "green", "zara"],
            "stock": 1,
            "status": true,
            "returnStatus": "Pending"
        },
        {
            "orderId": "#51249",
            "Product": "T-shirt",
            "images": "main.jpg",
            "paymentStatus": "Paid",
            "paymentMethod": "Mastercard",
            "orderStatus": "Delivered",
            "date": "Jan 22,20",
            "total": "$500",
            "description": "It is a long established fact that a reader will be distracted by the readable content of a page when looking at its layout. The point of using Lorem Ipsum is that it has a more-or-less normal distribution of letters,It is a long established fact that a reader will be distracted by the readable content of a page when looking at its layout.",
            "details": "sometimes by accident",
            "salePrice": 350.50,
            "price": "$6523",
            "sale": true,
            "catery": "mens",
            "colors": ["white", "black", "green"],
            "size": ["M", "L", "XL"],
            "brand": "zara",
            "tags": ["mens", "mens tshirt", "white", "black", "green", "zara"],
            "stock": 5,
            "status": true,
            "returnStatus": "Return"
        }


    ]
}