{
    "data": [{
            "orderId": 142,
            "transactionId": "#212145214510",
            "date": "Sep 2,19",
            "paymentMethod": "Paypal",
            "DeliveryStatus": "pending",
            "Amount": "$100",
            "description": "It is a long established fact that a reader will be distracted by the readable content of a page when looking at its layout. The point of using Lorem Ipsum is that it has a more-or-less normal distribution of letters,It is a long established fact that a reader will be distracted by the readable content of a page when looking at its layout.",
            "details": "This is where some detailes on monkies would go. This monkey done seent some shit.",
            "salePrice": 350.50,
            "price": 26.50,
            "status": true
        },
        {
            "orderId": 217,
            "transactionId": "#784561421721",
            "date": "Dec 10,19",
            "paymentMethod": "Stripe",
            "DeliveryStatus": "Process",
            "Amount": "$100",
            "description": "It is a long established fact that a reader will be distracted by the readable content of a page when looking at its layout. The point of using Lorem Ipsum is that it has a more-or-less normal distribution of letters,It is a long established fact that a reader will be distracted by the readable content of a page when looking at its layout.",
            "details": "This is where some detailes on monkies would go. This monkey done seent some shit.",
            "salePrice": 350.50,
            "price": 26.50,
            "status": true
        },
        {
            "orderId": 102,
            "transactionId": "#476547821142",
            "date": "Feb 15,19",
            "paymentMethod": "Stripe",
            "DeliveryStatus": "Delivered",
            "Amount": "$100",
            "description": "It is a long established fact that a reader will be distracted by the readable content of a page when looking at its layout. The point of using Lorem Ipsum is that it has a more-or-less normal distribution of letters,It is a long established fact that a reader will be distracted by the readable content of a page when looking at its layout.",
            "details": "This is where some detailes on monkies would go. This monkey done seent some shit.",
            "salePrice": 350.50,
            "price": 26.50,
            "status": true
        },
        {
            "orderId": 454,
            "transactionId": "#745384127541",
            "date": "Mar 27,19",
            "paymentMethod": "Paypal",
            "DeliveryStatus": "Pending",
            "Amount": "$100",
            "description": "It is a long established fact that a reader will be distracted by the readable content of a page when looking at its layout. The point of using Lorem Ipsum is that it has a more-or-less normal distribution of letters,It is a long established fact that a reader will be distracted by the readable content of a page when looking at its layout.",
            "details": "This is where some detailes on monkies would go. This monkey done seent some shit.",
            "salePrice": 350.50,
            "price": 26.50,
            "status": true
        },
        {
            "orderId": 898,
            "transactionId": "#96725125102",
            "date": "Sep 1,19",
            "paymentMethod": "Stripe",
            "DeliveryStatus": "Process",
            "Amount": "$100",
            "description": "It is a long established fact that a reader will be distracted by the readable content of a page when looking at its layout. The point of using Lorem Ipsum is that it has a more-or-less normal distribution of letters,It is a long established fact that a reader will be distracted by the readable content of a page when looking at its layout.",
            "details": "This is where some detailes on monkies would go. This monkey done seent some shit.",
            "salePrice": 350.50,
            "price": 26.50,
            "status": true
        },
        {
            "orderId": 555,
            "transactionId": "#547121023651",
            "date": "May 18,19",
            "paymentMethod": "paypal",
            "DeliveryStatus": "Pending",
            "Amount": "$200",
            "description": "It is a long established fact that a reader will be distracted by the readable content of a page when looking at its layout. The point of using Lorem Ipsum is that it has a more-or-less normal distribution of letters,It is a long established fact that a reader will be distracted by the readable content of a page when looking at its layout.",
            "details": "This is where some detailes on monkies would go. This monkey done seent some shit.",
            "salePrice": 350.50,
            "price": 26.50,
            "status": true
        },
        {
            "orderId": 636,
            "transactionId": "#876412242215",
            "date": "Jan 14,19",
            "paymentMethod": "stripe",
            "DeliveryStatus": "Delivered",
            "Amount": "$200",
            "description": "It is a long established fact that a reader will be distracted by the readable content of a page when looking at its layout. The point of using Lorem Ipsum is that it has a more-or-less normal distribution of letters,It is a long established fact that a reader will be distracted by the readable content of a page when looking at its layout.",
            "details": "This is where some detailes on monkies would go. This monkey done seent some shit.",
            "salePrice": 350.50,
            "price": 26.50,
            "status": true
        },
        {
            "orderId": 444,
            "transactionId": "#31534221621",
            "date": "Apr 22,19",
            "paymentMethod": "Paypal",
            "DeliveryStatus": "Process",
            "Amount": "$200",
            "description": "It is a long established fact that a reader will be distracted by the readable content of a page when looking at its layout. The point of using Lorem Ipsum is that it has a more-or-less normal distribution of letters,It is a long established fact that a reader will be distracted by the readable content of a page when looking at its layout.",
            "details": "This is where some detailes on monkies would go. This monkey done seent some shit.",
            "salePrice": 350.50,
            "price": 26.50,
            "status": true
        },
        {
            "orderId": 123,
            "transactionId": "#78412457421",
            "date": "Mar 26,19",
            "paymentMethod": "stripe",
            "DeliveryStatus": "process",
            "Amount": "$200",
            "description": "It is a long established fact that a reader will be distracted by the readable content of a page when looking at its layout. The point of using Lorem Ipsum is that it has a more-or-less normal distribution of letters,It is a long established fact that a reader will be distracted by the readable content of a page when looking at its layout.",
            "details": "This is where some detailes on monkies would go. This monkey done seent some shit.",
            "salePrice": 350.50,
            "price": 26.50,
            "status": true
        },
        {
            "orderId": 787,
            "transactionId": "#241524757448",
            "date": "Feb 29,19",
            "paymentMethod": "Paypal",
            "DeliveryStatus": "Pending",
            "Amount": "$200",
            "description": "It is a long established fact that a reader will be distracted by the readable content of a page when looking at its layout. The point of using Lorem Ipsum is that it has a more-or-less normal distribution of letters,It is a long established fact that a reader will be distracted by the readable content of a page when looking at its layout.",
            "details": "This is where some detailes on monkies would go. This monkey done seent some shit.",
            "salePrice": 350.50,
            "price": 26.50,
            "status": true
        }
    ]
}