{
    "data": [{
            "id": 1,
            "product": "Headphones",
            "name": "Logo Design",
            "images": "3d-design.jpg",
            "shortDescription": "Simply dummy text of the printing.",
            "description": "It is a long established fact that a reader will be distracted by the readable content of a page when looking at its layout. The point of using Lorem Ipsum is that it has a more-or-less normal distribution of letters,It is a long established fact that a reader will be distracted by the readable content of a page when looking at its layout.",
            "title": "This is where some detailes on monkies would go. This monkey done seent some shit.",
            "salePrice": 350.50,
            "price": "$26.50",
            "sale": true,
            "category": "Digital",
            "colors": ["white", "black", "green"],
            "size": ["M", "L", "XL"],
            "brand": "zara",
            "tags": ["mens", "mens tshirt", "white", "black", "green", "zara"],
            "quantity": 10,
            "status": true,
            "entryType": "add",
            "actions": ""
        },
        {
            "id": 2,
            "product": "Fusion Blue Shirt",
            "name": "Php",
            "images": "php.png",
            "shortDescription": "Simply dummy text of the printing.",
            "description": "It is a long established fact that a reader will be distracted by the readable content of a page when looking at its layout. The point of using Lorem Ipsum is that it has a more-or-less normal distribution of letters,It is a long established fact that a reader will be distracted by the readable content of a page when looking at its layout.",
            "title": "This is where some detailes on monkies would go. This monkey done seent some shit.",
            "salePrice": 350.50,
            "price": "$30.00",
            "sale": false,
            "category": "Digital",
            "colors": ["yellow", "gray", "green"],
            "size": ["M", "L", "XL"],
            "brand": "zara",
            "tags": ["mens", "mens tshirt", "yellow", "gray", "green", "zara"],
            "quantity": 3,
            "stock": 10,
            "status": true,
            "entryType": "add",
            "actions": ""

        },
        {
            "id": 3,
            "product": "Polo T-shirt",
            "name": "Html",
            "images": "html.png",
            "shortDescription": "Simply dummy text of the printing.",
            "description": "It is a long established fact that a reader will be distracted by the readable content of a page when looking at its layout. The point of using Lorem Ipsum is that it has a more-or-less normal distribution of letters,It is a long established fact that a reader will be distracted by the readable content of a page when looking at its layout. ",
            "title": "This is where some detailes on monkies would go. This monkey done seent some shit.",
            "salePrice": 400.00,
            "price": "$750.50",
            "sale": false,
            "category": "Digital",
            "colors": ["yellow", "gray", "green"],
            "size": ["M", "L", "XL"],
            "brand": "max",
            "tags": ["mens", "mens tshirt", "yellow", "gray", "green", "max"],
            "quantity": 3,
            "stock": 10,
            "status": true,
            "entryType": "add",
            "actions": ""

        },
        {
            "id": 4,
            "product": "Crop Top",
            "name": "Css",
            "images": "css.jpg",
            "shortDescription": "Simply dummy text of the printing.",
            "description": "It is a long established fact that a reader will be distracted by the readable content of a page when looking at its layout. The point of using Lorem Ipsum is that it has a more-or-less normal distribution of letters,It is a long established fact that a reader will be distracted by the readable content of a page when looking at its layout. The point of using Lorem Ipsum is that it has a more-or-less normal distribution of letters",
            "title": "This is where some detailes on monkies would go. This monkey done seent some shit.",
            "salePrice": 446.50,
            "price": "$289.50",
            "sale": false,
            "category": "Digital",
            "colors": ["yellow", "gray", "white"],
            "size": ["M", "L", "XL"],
            "brand": "biba",
            "tags": ["girls", "crop top", "yellow", "gray", "white", "biba"],
            "quantity": 3,
            "stock": 10,
            "status": false,
            "entryType": "add",
            "actions": ""

        },
        {
            "id": 5,
            "name": "Web Element",
            "product": "Web Element",
            "images": "web-element.jpg",
            "shortDescription": "Simply dummy text of the printing.",
            "description": "It is a long established fact that a reader will be distracted by the readable content of a page when looking at its layout. The point of using Lorem Ipsum is that it has a more-or-less normal distribution of letters,It is a long established fact that a reader will be distracted by the readable content of a page when looking at its layout. The point of using Lorem Ipsum is that it has a more-or-less normal distribution of letters",
            "title": "This is where some detailes on monkies would go. This monkey done seent some shit.",
            "salePrice": 350.50,
            "price": "$80.50",
            "sale": false,
            "category": "Digital",
            "colors": ["yellow", "gray", "black"],
            "size": ["M", "L", "XL"],
            "brand": "lifestyle",
            "tags": ["girls", "crop top", "yellow", "gray", "black", "lifestyle"],
            "quantity": 3,
            "stock": 10,
            "status": false,
            "entryType": "add",
            "actions": ""

        },
        {
            "id": 6,
            "name": "Wordpress",
            "product": "Wordpress",
            "images": "wordpress.jpg",
            "shortDescription": "Simply dummy text of the printing.",
            "description": "It is a long established fact that a reader will be distracted by the readable content of a page when looking at its layout. The point of using Lorem Ipsum is that it has a more-or-less normal distribution of letters,It is a long established fact that a reader will be distracted by the readable content of a page when looking at its layout. The point of using Lorem Ipsum is that it has a more-or-less normal distribution of letters",
            "title": "This is where some detailes on monkies would go. This monkey done seent some shit.",
            "salePrice": 350.50,
            "price": "$35.50",
            "sale": false,
            "category": "Digital",
            "colors": ["yellow", "gray", "pink"],
            "size": ["M", "L", "XL"],
            "brand": "zara",
            "tags": ["girls", "girls jeans", "girls tshirt", "yellow", "gray", "pink", "zara"],
            "quantity": 3,
            "stock": 10,
            "status": false,
            "entryType": "add",
            "actions": ""

        },
        {
            "id": 7,
            "name": "3D Design",
            "product": "3D Design",
            "images": "3d-design.jpg",
            "shortDescription": "Simply dummy text of the printing.",
            "description": "It is a long established fact that a reader will be distracted by the readable content of a page when looking at its layout. The point of using Lorem Ipsum is that it has a more-or-less normal distribution of letters,It is a long established fact that a reader will be distracted by the readable content of a page when looking at its layout. The point of using Lorem Ipsum is that it has a more-or-less normal distribution of letters",
            "title": "This is where some detailes on monkies would go. This monkey done seent some shit.",
            "salePrice": 890.50,
            "price": "$35.50",
            "sale": false,
            "category": "Digital",
            "colors": ["yellow", "gray", "green"],
            "size": ["M", "L", "XL"],
            "brand": "zara",
            "tags": ["girls jeans", "girls tshirt", "yellow", "gray", "green", "zara"],
            "quantity": 3,
            "stock": 10,
            "status": false,
            "entryType": "add",
            "actions": ""

        },
        {
            "id": 8,
            "name": "Html",
            "product": "Html",
            "images": "html.png",
            "shortDescription": "Simply dummy text of the printing.",
            "description": "It is a long established fact that a reader will be distracted by the readable content of a page when looking at its layout. The point of using Lorem Ipsum is that it has a more-or-less normal distribution of letters,It is a long established fact that a reader will be distracted by the readable content of a page when looking at its layout. The point of using Lorem Ipsum is that it has a more-or-less normal distribution of letters",
            "title": "This is where some detailes on monkies would go. This monkey done seent some shit.",
            "salePrice": 260.50,
            "price": "$100.50",
            "sale": false,
            "category": "Digital",
            "colors": ["yellow", "gray", "green"],
            "size": ["M", "L", "XL"],
            "brand": "max",
            "tags": ["mens", "mens jeans", "yellow", "gray", "green", "max"],
            "quantity": 3,
            "stock": 10,
            "status": false,
            "entryType": "add",
            "actions": ""

        },
        {
            "id": 9,
            "name": "Css",
            "product": "Css",
            "images": "css.jpg",
            "shortDescription": "Simply dummy text of the printing.",
            "description": "It is a long established fact that a reader will be distracted by the readable content of a page when looking at its layout. The point of using Lorem Ipsum is that it has a more-or-less normal distribution of letters,It is a long established fact that a reader will be distracted by the readable content of a page when looking at its layout. The point of using Lorem Ipsum is that it has a more-or-less normal distribution of letters",
            "title": "This is where some detailes on monkies would go. This monkey done seent some shit.",
            "salePrice": 450.50,
            "price": "$350.50",
            "sale": false,
            "category": "Digital",
            "colors": ["yellow", "gray", "red"],
            "size": ["M", "L", "XL"],
            "brand": "zara",
            "tags": ["girls", "girls tshirt", "yellow", "gray", "red", "biba"],
            "quantity": 3,
            "stock": 10,
            "status": true,
            "entryType": "destroy",
            "actions": ""

        },
        {
            "id": 10,
            "name": "Html",
            "product": "Yellow base T-shirt",
            "images": "html.png",
            "shortDescription": "Simply dummy text of the printing.",
            "description": "It is a long established fact that a reader will be distracted by the readable content of a page when looking at its layout. The point of using Lorem Ipsum is that it has a more-or-less normal distribution of letters,It is a long established fact that a reader will be distracted by the readable content of a page when looking at its layout. The point of using Lorem Ipsum is that it has a more-or-less normal distribution of letters",
            "title": "This is where some detailes on monkies would go. This monkey done seent some shit.",
            "price": "$350.50",
            "salePrice": 26.50,
            "sale": false,
            "category": "Digital",
            "colors": ["yellow", "gray", "green"],
            "size": ["M", "L", "XL"],
            "brand": "lifestyle",
            "tags": ["girls", "girls tshirt", "yellow", "gray", "green", "lifestyle"],
            "quantity": 3,
            "stock": 10,
            "status": true,
            "entryType": "destroy",
            "actions": ""

        }
    ]
}