{
    "data": [{
            "id": 1,
            "name": "Honor_Mobile.jpg",
            "createdAt": "sep 5,12",
            "delete": false,
            "images": "1.jpg",
            "url": "http://www.assets/images/product/product/13.jpg"
        },
        {
            "id": 2,
            "name": "Samsung_LED_TV.jpeg",
            "createdAt": "sep 5,12",
            "delete": false,
            "images": "2.jpg",
            "url": "http://www.assets/images/electronics/product/12.jpg"

        },
        {
            "id": 3,
            "name": "order",
            "createdAt": "sep 5,12",
            "delete": false,
            "images": "3.jpg",
            "url": "http://www.assets/images/electronics/product/25.jpg"

        },
        {
            "id": 4,
            "name": "Motorola_Bluetooth.jpg",
            "createdAt": "sep 5,12",
            "delete": false,
            "images": "4.jpg",
            "url": "http://www.assets/images/electronics/product/16.jpg"

        },
        {
            "id": 5,
            "name": "headphones.jpg",
            "createdAt": "sep 5,12",
            "delete": false,
            "images": "5.jpg",
            "url": "http://www.assets/images/electronics/product/21.jpg"

        }

    ]
}