{
    "data": [{
            "sku": 1,
            "name": "WOMEN PINK SHIRT",
            "image": "1.jpg",
            "shortDescription": "Simply dummy text of the printing.",
            "description": "It is a long established fact that a reader will be distracted by the readable content of a page when looking at its layout. The point of using Lorem Ipsum is that it has a more-or-less normal distribution of letters,It is a long established fact that a reader will be distracted by the readable content of a page when looking at its layout.",
            "details": "Sed ut perspiciatis, unde omnis iste natus error sit voluptatem accusantium doloremque laudantium, totam rem aperiam eaque ipsa, quae ab illo inventore veritatis et quasi architecto beatae vitae dicta sunt, explicabo. Nemo enim ipsam voluptatem,",
            "salePrice": 350.50,
            "price": "$26.50",
            "sale": true,
            "category": "mens",
            "colors": ["white", "black", "green"],
            "size": ["M", "L", "XL"],
            "brand": "zara",
            "tags": ["mens", "mens tshirt", "white", "black", "green", "zara"],
            "stock": 10,
            "status": true,
            "images": [{
                    "image_id": 111,
                    "id": 1,
                    "alt": "yellow",
                    "src": "01.jpg",
                    "variant_id": [
                        101,
                        104
                    ]
                },
                {
                    "image_id": 112,
                    "id": 1,
                    "alt": "blue",
                    "src": "02.jpg",
                    "variant_id": [
                        102,
                        105
                    ]
                },
                {
                    "image_id": 113,
                    "id": 1,
                    "alt": "pink",
                    "src": "03.jpg",
                    "variant_id": [
                        103,
                        106
                    ]
                }
            ],
            "variants": [
                {
                    "variant_id": 101,
                    "id": 1,
                    "sku": "sku1",
                    "size": "s",
                    "color": "#D0EDFF",
                    "image_id": 111
                },
                {
                    "variant_id": 101,
                    "id": 1,
                    "sku": "sku1",
                    "size": "m",
                    "color": "#D0EDFF",
                    "image_id": 111
                },
                {
                    "variant_id": 101,
                    "id": 1,
                    "sku": "sku1",
                    "size": "l",
                    "color": "#D0EDFF",
                    "image_id": 111
                },
                {
                    "variant_id": 102,
                    "id": 1,
                    "sku": "sku2",
                    "size": "s",
                    "color": "#F1E7E6",
                    "image_id": 112
                },
                {
                    "variant_id": 103,
                    "id": 1,
                    "sku": "sku3",
                    "size": "s",
                    "color": "#BFBFBF",
                    "image_id": 113
                }

            ],
            "actions": ""
        },
        {
            "sku": 2,
            "name": "Fusion Blue Shirt",
            "image": "3.jpg",
            "shortDescription": "Simply dummy text of the printing.",
            "description": "It is a long established fact that a reader will be distracted by the readable content of a page when looking at its layout. The point of using Lorem Ipsum is that it has a more-or-less normal distribution of letters,It is a long established fact that a reader will be distracted by the readable content of a page when looking at its layout.",
            "details": "This is where some detailes on monkies would go. This monkey done seent some shit.",
            "salePrice": 350.50,
            "price": "$30.00",
            "sale": false,
            "category": "girl",
            "colors": ["yellow", "gray", "green"],
            "size": ["M", "L", "XL"],
            "brand": "zara",
            "tags": ["mens", "mens tshirt", "yellow", "gray", "green", "zara"],
            "quantity": 3,
            "stock": 10,
            "status": true,
            "actions": ""
        },
        {
            "sku": 3,
            "name": "Polo T-shirt",
            "image": "4.jpg",
            "shortDescription": "Simply dummy text of the printing.",
            "description": "It is a long established fact that a reader will be distracted by the readable content of a page when looking at its layout. The point of using Lorem Ipsum is that it has a more-or-less normal distribution of letters,It is a long established fact that a reader will be distracted by the readable content of a page when looking at its layout. ",
            "details": "This is where some detailes on monkies would go. This monkey done seent some shit.",
            "salePrice": 400.00,
            "price": "$750.50",
            "sale": false,
            "category": "mens",
            "colors": ["yellow", "gray", "green"],
            "size": ["M", "L", "XL"],
            "brand": "max",
            "tags": ["mens", "mens tshirt", "yellow", "gray", "green", "max"],
            "quantity": 3,
            "stock": 10,
            "status": true,
            "actions": ""
        },
        {
            "sku": 4,
            "name": "Crop Top",
            "image": "5.jpg",
            "shortDescription": "Simply dummy text of the printing.",
            "description": "It is a long established fact that a reader will be distracted by the readable content of a page when looking at its layout. The point of using Lorem Ipsum is that it has a more-or-less normal distribution of letters,It is a long established fact that a reader will be distracted by the readable content of a page when looking at its layout. The point of using Lorem Ipsum is that it has a more-or-less normal distribution of letters",
            "details": "This is where some detailes on monkies would go. This monkey done seent some shit.",
            "salePrice": 446.50,
            "price": "$289.50",
            "sale": false,
            "category": "mens",
            "colors": ["yellow", "gray", "white"],
            "size": ["M", "L", "XL"],
            "brand": "biba",
            "tags": ["girls", "crop top", "yellow", "gray", "white", "biba"],
            "quantity": 3,
            "stock": 10,
            "status": true,
            "actions": ""
        },
        {
            "sku": 5,
            "name": "Stykers Crop Top",
            "image": "6.jpg",
            "shortDescription": "Simply dummy text of the printing.",
            "description": "It is a long established fact that a reader will be distracted by the readable content of a page when looking at its layout. The point of using Lorem Ipsum is that it has a more-or-less normal distribution of letters,It is a long established fact that a reader will be distracted by the readable content of a page when looking at its layout. The point of using Lorem Ipsum is that it has a more-or-less normal distribution of letters",
            "details": "This is where some detailes on monkies would go. This monkey done seent some shit.",
            "salePrice": 350.50,
            "price": "$80.50",
            "sale": false,
            "category": "mens",
            "colors": ["yellow", "gray", "black"],
            "size": ["M", "L", "XL"],
            "brand": "lifestyle",
            "tags": ["girls", "crop top", "yellow", "gray", "black", "lifestyle"],
            "quantity": 3,
            "stock": 10,
            "status": true,
            "actions": ""
        },
        {
            "sku": 6,
            "name": "Jeans-T-shirt",
            "image": "7.jpg",
            "shortDescription": "Simply dummy text of the printing.",
            "description": "It is a long established fact that a reader will be distracted by the readable content of a page when looking at its layout. The point of using Lorem Ipsum is that it has a more-or-less normal distribution of letters,It is a long established fact that a reader will be distracted by the readable content of a page when looking at its layout. The point of using Lorem Ipsum is that it has a more-or-less normal distribution of letters",
            "details": "This is where some detailes on monkies would go. This monkey done seent some shit.",
            "salePrice": 350.50,
            "price": "$35.50",
            "sale": false,
            "category": "mens",
            "colors": ["yellow", "gray", "pink"],
            "size": ["M", "L", "XL"],
            "brand": "zara",
            "tags": ["girls", "girls jeans", "girls tshirt", "yellow", "gray", "pink", "zara"],
            "quantity": 3,
            "stock": 10,
            "status": true,
            "actions": ""
        },
        {
            "sku": 7,
            "name": "Jeans-T-shirt style2",
            "image": "8.jpg",
            "shortDescription": "Simply dummy text of the printing.",
            "description": "It is a long established fact that a reader will be distracted by the readable content of a page when looking at its layout. The point of using Lorem Ipsum is that it has a more-or-less normal distribution of letters,It is a long established fact that a reader will be distracted by the readable content of a page when looking at its layout. The point of using Lorem Ipsum is that it has a more-or-less normal distribution of letters",
            "details": "This is where some detailes on monkies would go. This monkey done seent some shit.",
            "salePrice": 890.50,
            "price": "$35.50",
            "sale": false,
            "category": "mens",
            "colors": ["yellow", "gray", "green"],
            "size": ["M", "L", "XL"],
            "brand": "zara",
            "tags": ["girls jeans", "girls tshirt", "yellow", "gray", "green", "zara"],
            "quantity": 3,
            "stock": 10,
            "status": true,
            "actions": ""
        },
        {
            "sku": 8,
            "name": "Jeans",
            "image": "9.jpg",
            "shortDescription": "Simply dummy text of the printing.",
            "description": "It is a long established fact that a reader will be distracted by the readable content of a page when looking at its layout. The point of using Lorem Ipsum is that it has a more-or-less normal distribution of letters,It is a long established fact that a reader will be distracted by the readable content of a page when looking at its layout. The point of using Lorem Ipsum is that it has a more-or-less normal distribution of letters",
            "details": "This is where some detailes on monkies would go. This monkey done seent some shit.",
            "salePrice": 260.50,
            "price": "$100.50",
            "sale": false,
            "category": "mens",
            "colors": ["yellow", "gray", "green"],
            "size": ["M", "L", "XL"],
            "brand": "max",
            "tags": ["mens", "mens jeans", "yellow", "gray", "green", "max"],
            "quantity": 3,
            "stock": 10,
            "status": false,
            "actions": ""
        },
        {
            "sku": 9,
            "name": "T-shirt",
            "image": "10.jpg",
            "shortDescription": "Simply dummy text of the printing.",
            "description": "It is a long established fact that a reader will be distracted by the readable content of a page when looking at its layout. The point of using Lorem Ipsum is that it has a more-or-less normal distribution of letters,It is a long established fact that a reader will be distracted by the readable content of a page when looking at its layout. The point of using Lorem Ipsum is that it has a more-or-less normal distribution of letters",
            "details": "This is where some detailes on monkies would go. This monkey done seent some shit.",
            "salePrice": 450.50,
            "price": "$350.50",
            "sale": false,
            "category": "mens",
            "colors": ["yellow", "gray", "red"],
            "size": ["M", "L", "XL"],
            "brand": "zara",
            "tags": ["girls", "girls tshirt", "yellow", "gray", "red", "biba"],
            "quantity": 3,
            "stock": 10,
            "status": false,
            "actions": ""
        },
        {
            "sku": 10,
            "name": "Yellow base T-shirt",
            "image": "11.jpg",
            "shortDescription": "Simply dummy text of the printing.",
            "description": "It is a long established fact that a reader will be distracted by the readable content of a page when looking at its layout. The point of using Lorem Ipsum is that it has a more-or-less normal distribution of letters,It is a long established fact that a reader will be distracted by the readable content of a page when looking at its layout. The point of using Lorem Ipsum is that it has a more-or-less normal distribution of letters",
            "details": "This is where some detailes on monkies would go. This monkey done seent some shit.",
            "price": "$350.50",
            "salePrice": 26.50,
            "sale": false,
            "category": "girls",
            "colors": ["yellow", "gray", "green"],
            "size": ["M", "L", "XL"],
            "brand": "lifestyle",
            "tags": ["girls", "girls tshirt", "yellow", "gray", "green", "lifestyle"],
            "quantity": 3,
            "stock": 10,
            "status": false,
            "actions": ""
        },
        {
            "sku": 11,
            "name": "Yellow base T-shirt",
            "image": "12.jpg",
            "shortDescription": "Simply dummy text of the printing.",
            "description": "It is a long established fact that a reader will be distracted by the readable content of a page when looking at its layout. The point of using Lorem Ipsum is that it has a more-or-less normal distribution of letters,It is a long established fact that a reader will be distracted by the readable content of a page when looking at its layout. The point of using Lorem Ipsum is that it has a more-or-less normal distribution of letters",
            "details": "This is where some detailes on monkies would go. This monkey done seent some shit.",
            "price": "$350.50",
            "salePrice": 26.50,
            "sale": false,
            "category": "girls",
            "colors": ["yellow", "gray", "green"],
            "size": ["M", "L", "XL"],
            "brand": "lifestyle",
            "tags": ["girls", "girls tshirt", "yellow", "gray", "green", "lifestyle"],
            "quantity": 3,
            "stock": 10,
            "status": false,
            "actions": ""
        },
        {
            "sku": 12,
            "name": "Headphones",
            "image": "13.jpg",
            "shortDescription": "Simply dummy text of the printing.",
            "description": "It is a long established fact that a reader will be distracted by the readable content of a page when looking at its layout. The point of using Lorem Ipsum is that it has a more-or-less normal distribution of letters,It is a long established fact that a reader will be distracted by the readable content of a page when looking at its layout.",
            "details": "This is where some detailes on monkies would go. This monkey done seent some shit.",
            "salePrice": 350.50,
            "price": "$26.50",
            "sale": true,
            "category": "mens",
            "colors": ["white", "black", "green"],
            "size": ["M", "L", "XL"],
            "brand": "zara",
            "tags": ["mens", "mens tshirt", "white", "black", "green", "zara"],
            "stock": 10,
            "status": true,
            "actions": ""
        }
    ]
}